date,text,date_frm
Wed Jan 1,National Bloody Mary Day,2020-01-01
Wed Jan 1,National Hangover Day,2020-01-01
Wed Jan 1,New Year's Day,2020-01-01
Thu Jan 2,Happy Mew Year for Cats Day,2020-01-02
Thu Jan 2,National Buffet Day,2020-01-02
Thu Jan 2,National Science Fiction Day,2020-01-02
Fri Jan 3,JRR Tolkien Day,2020-01-03
Sat Jan 4,National Spaghetti Day,2020-01-04
Sat Jan 4,National Trivia Day,2020-01-04
Sun Jan 5,National Bird Day,2020-01-05
Sun Jan 5,National Whipped Cream Day,2020-01-05
Mon Jan 6,National Bean Day,2020-01-06
Mon Jan 6,National Cuddle Up Day,2020-01-06
Mon Jan 6,Three Kings Day,2020-01-06
Tue Jan 7,National Bobblehead Day,2020-01-07
Wed Jan 8,Elvis Presley’s Birthday,2020-01-08
Wed Jan 8,National Bubble Bath Day,2020-01-08
Thu Jan 9,National Law Enforcement Appreciation Day,2020-01-09
Fri Jan 10,National Cut Your Energy Costs Day,2020-01-10
Fri Jan 10,National Houseplant Appreciation Day,2020-01-10
Sat Jan 11,National Girl Hug Boy Day,2020-01-11
Sat Jan 11,National Hot Toddy Day,2020-01-11
Sat Jan 11,National Milk Day,2020-01-11
Sun Jan 12,Kiss a Ginger Day,2020-01-12
Sun Jan 12,National Pharmacist Day,2020-01-12
Sun Jan 12,National Youth Day,2020-01-12
Mon Jan 13,National Clean Your Desk Day,2020-01-13
Mon Jan 13,National Gluten-Free Day ,2020-01-13
Mon Jan 13,National Rubber Ducky Day,2020-01-13
Mon Jan 13,National Sticker Day,2020-01-13
Tue Jan 14,National Dress Up Your Pet Day,2020-01-14
Tue Jan 14,National Hot Pastrami Sandwich Day,2020-01-14
Wed Jan 15,Martin Luther King's Birthday,2020-01-15
Wed Jan 15,National Bagel Day,2020-01-15
Wed Jan 15,National Hat Day,2020-01-15
Thu Jan 16,National Fig Newton Day,2020-01-16
Fri Jan 17,Michelle Obama’s Birthday,2020-01-17
Fri Jan 17,National Hot Buttered Rum Day,2020-01-17
Sat Jan 18,National Thesaurus Day,2020-01-18
Sat Jan 18,National Winnie the Pooh Day,2020-01-18
Sun Jan 19,National Popcorn Day,2020-01-19
Mon Jan 20,"Martin Luther King, Jr. Day",2020-01-20
Mon Jan 20,National Cheese Lover's Day,2020-01-20
Mon Jan 20,National DJ Day,2020-01-20
Mon Jan 20,National Penguin Day,2020-01-20
Tue Jan 21,Museum Selfie Day,2020-01-21
Tue Jan 21,National Banana Bread Day,2020-01-21
Tue Jan 21,National Hugging Day,2020-01-21
Tue Jan 21,National Squirrel Appreciation Day,2020-01-21
Wed Jan 22,Celebration of Life Day,2020-01-22
Wed Jan 22,National Answer Your Cat's Questions Day,2020-01-22
Wed Jan 22,National Blonde Brownie Day,2020-01-22
Thu Jan 23,National Pie Day,2020-01-23
Thu Jan 23,World Spay Day,2020-01-23
Fri Jan 24,National Beer Can Appreciation Day,2020-01-24
Fri Jan 24,National Compliment Day,2020-01-24
Fri Jan 24,National Green Juice Day,2020-01-24
Fri Jan 24,National Peanut Butter Day,2020-01-24
Sat Jan 25,Burns Night,2020-01-25
Sat Jan 25,Chinese New Year,2020-01-25
Sat Jan 25,National Irish Coffee Day,2020-01-25
Sat Jan 25,Opposite Day,2020-01-25
Sun Jan 26,National Peanut Brittle Day,2020-01-26
Sun Jan 26,National Spouses Day,2020-01-26
Mon Jan 27,Community Manager Appreciation Day,2020-01-27
Mon Jan 27,International Holocaust Remembrance Day,2020-01-27
Mon Jan 27,National Bubble Wrap Appreciation Day,2020-01-27
Mon Jan 27,National Chocolate Cake Day,2020-01-27
Tue Jan 28,National Daisy Day,2020-01-28
Tue Jan 28,National Kazoo Day,2020-01-28
Tue Jan 28,National Lego Day,2020-01-28
Wed Jan 29,National Puzzle Day,2020-01-29
Thu Jan 30,National Croissant Day,2020-01-30
Fri Jan 31,National Fun at Work Day,2020-01-31
Fri Jan 31,National Hot Chocolate Day,2020-01-31
Sat Feb 1,National Dark Chocolate Day,2020-02-01
Sat Feb 1,National Eat Ice Cream for Breakfast Day,2020-02-01
Sat Feb 1,National Freedom Day,2020-02-01
Sat Feb 1,National Get Up Day,2020-02-01
Sun Feb 2,Candlemas Day,2020-02-02
Sun Feb 2,Groundhog Day,2020-02-02
Sun Feb 2,National Hedgehog Day,2020-02-02
Sun Feb 2,National Tater Tot Day,2020-02-02
Sun Feb 2,National Ukulele Day,2020-02-02
Sun Feb 2,Super Bowl Sunday,2020-02-02
Mon Feb 3,Doggy Date Night,2020-02-03
Mon Feb 3,National Carrot Cake Day,2020-02-03
Mon Feb 3,National Golden Retriever Day,2020-02-03
Mon Feb 3,National Women Physicians Day,2020-02-03
Tue Feb 4,World Cancer Day,2020-02-04
Wed Feb 5,National Chocolate Fondue Day,2020-02-05
Wed Feb 5,National Shower with a Friend Day,2020-02-05
Wed Feb 5,National Signing Day,2020-02-05
Wed Feb 5,National Weatherperson's Day,2020-02-05
Wed Feb 5,World Nutella Day,2020-02-05
Thu Feb 6,Bob Marley's Birthday,2020-02-06
Thu Feb 6,National Frozen Yogurt Day,2020-02-06
Fri Feb 7,Give Kids A Smile,2020-02-07
Fri Feb 7,National Black HIV/AIDS Awareness Day,2020-02-07
Fri Feb 7,National Bubble Gum Day,2020-02-07
Fri Feb 7,National Fettuccine Alfredo Day,2020-02-07
Fri Feb 7,National Send a Card to a Friend Day,2020-02-07
Fri Feb 7,National Wear Red Day,2020-02-07
Sat Feb 8,National Boy Scout Day,2020-02-08
Sat Feb 8,National Kite-Flying Day,2020-02-08
Sun Feb 9,National Pizza Day,2020-02-09
Sun Feb 9,National Toothache Day,2020-02-09
Mon Feb 10,National Umbrella Day,2020-02-10
Tue Feb 11,International Day of Women and Girls in Science,2020-02-11
Tue Feb 11,National Clean Out Your Computer Day,2020-02-11
Tue Feb 11,National Guitar Day,2020-02-11
Tue Feb 11,National Inventors' Day,2020-02-11
Tue Feb 11,National Make a Friend Day,2020-02-11
Tue Feb 11,Safer Internet Day,2020-02-11
Wed Feb 12,Abraham Lincoln's Birthday,2020-02-12
Wed Feb 12,National Plum Pudding Day,2020-02-12
Thu Feb 13,Galentine's Day,2020-02-13
Thu Feb 13,National Tortellini Day,2020-02-13
Thu Feb 13,World Radio Day,2020-02-13
Fri Feb 14,National Donor Day,2020-02-14
Fri Feb 14,Valentine's Day,2020-02-14
Sat Feb 15,Singles Awareness Day,2020-02-15
Sun Feb 16,National Almond Day,2020-02-16
Mon Feb 17,Presidents Day,2020-02-17
Mon Feb 17,Random Act of Kindness Day,2020-02-17
Tue Feb 18,National Drink Wine Day,2020-02-18
Wed Feb 19,Tug of War Day,2020-02-19
Thu Feb 20,National Love Your Pet Day,2020-02-20
Thu Feb 20,National Muffin Day,2020-02-20
Thu Feb 20,Rihanna’s Birthday,2020-02-20
Fri Feb 21,National Sticky Bun Day,2020-02-21
Sat Feb 22,National Margarita Day,2020-02-22
Sat Feb 22,National Walking the Dog Day,2020-02-22
Sun Feb 23,International Dog Biscuit Appreciation Day,2020-02-23
Sun Feb 23,National Dog Biscuit Day,2020-02-23
Mon Feb 24,National Tortilla Chip Day,2020-02-24
Tue Feb 25,Mardi Gras,2020-02-25
Tue Feb 25,National Clam Chowder Day,2020-02-25
Tue Feb 25,National Pancake Day,2020-02-25
Wed Feb 26,Ash Wednesday,2020-02-26
Wed Feb 26,National Pistachio Day,2020-02-26
Thu Feb 27,International Polar Bear Day,2020-02-27
Thu Feb 27,National Chili Day,2020-02-27
Thu Feb 27,National Pokemon Day,2020-02-27
Thu Feb 27,National Protein day,2020-02-27
Fri Feb 28,National Chocolate Souffle Day,2020-02-28
Fri Feb 28,Rare Disease Day,2020-02-28
Sun Mar 1,Justin Bieber's Birthday,2020-03-01
Sun Mar 1,National Peanut Butter Lover's Day,2020-03-01
Mon Mar 2,Dr. Seuss’s Birthday,2020-03-02
Mon Mar 2,National Egg McMuffin Day ,2020-03-02
Mon Mar 2,National Read Across America Day,2020-03-02
Tue Mar 3,National If Pets Had Thumbs Day,2020-03-03
Tue Mar 3,World Wildlife Day,2020-03-03
Wed Mar 4,National Grammar Day,2020-03-04
Wed Mar 4,National Hug a G.I. Day,2020-03-04
Wed Mar 4,World Obesity Day,2020-03-04
Thu Mar 5,National Absinthe Day,2020-03-05
Fri Mar 6,National Day of Unplugging,2020-03-06
Fri Mar 6,National Dentist's Day,2020-03-06
Fri Mar 6,National Dress Day,2020-03-06
Fri Mar 6,National Frozen Food Day,2020-03-06
Fri Mar 6,National Oreo Cookie Day,2020-03-06
Sat Mar 7,National Be Heard Day,2020-03-07
Sat Mar 7,National Cereal Day,2020-03-07
Sun Mar 8,International Women's Day,2020-03-08
Sun Mar 8,National Proofreading Day,2020-03-08
Mon Mar 9,National Barbie Day,2020-03-09
Mon Mar 9,National Meatball Day,2020-03-09
Mon Mar 9,National Napping Day,2020-03-09
Mon Mar 9,Purim,2020-03-09
Tue Mar 10,Mario Day,2020-03-10
Tue Mar 10,National Landline Telephone Day,2020-03-10
Tue Mar 10,National Pack Your Lunch Day,2020-03-10
Wed Mar 11,National Promposal Day,2020-03-11
Thu Mar 12,National Girl Scout Day,2020-03-12
Fri Mar 13,National K9 Veterans Day,2020-03-13
Sat Mar 14,National Pi Day,2020-03-14
Sat Mar 14,National Potato Chip Day,2020-03-14
Sun Mar 15,Ides of March,2020-03-15
Sun Mar 15,Red Nose Day,2020-03-15
Mon Mar 16,National Artichoke Day,2020-03-16
Mon Mar 16,National Corn Dog Day,2020-03-16
Mon Mar 16,National Panda Day,2020-03-16
Tue Mar 17,St. Patrick's Day,2020-03-17
Wed Mar 18,Awkward Moments Day,2020-03-18
Wed Mar 18,National Biodiesel Day,2020-03-18
Thu Mar 19,National Let's Laugh Day,2020-03-19
Thu Mar 19,National Poultry Day,2020-03-19
Fri Mar 20,French Language Day,2020-03-20
Fri Mar 20,International Day of Happiness,2020-03-20
Fri Mar 20,National Kick Butts Day,2020-03-20
Fri Mar 20,National Proposal Day,2020-03-20
Fri Mar 20,National Ravioli Day,2020-03-20
Fri Mar 20,Spring Equinox,2020-03-20
Sat Mar 21,Absolutely Incredible Kid Day®,2020-03-21
Sat Mar 21,International Day of Forests,2020-03-21
Sat Mar 21,National Common Courtesy Day,2020-03-21
Sat Mar 21,National Fragrance Day,2020-03-21
Sat Mar 21,National French Bread Day,2020-03-21
Sat Mar 21,World Down Syndrome Day,2020-03-21
Sat Mar 21,World Poetry Day,2020-03-21
Sun Mar 22,National Goof Off Day,2020-03-22
Sun Mar 22,World Water Day,2020-03-22
Mon Mar 23,National Puppy Day,2020-03-23
Mon Mar 23,World Meteorological Day,2020-03-23
Tue Mar 24,National Cheesesteak Day,2020-03-24
Tue Mar 24,World Tuberculosis Day,2020-03-24
Wed Mar 25,International Waffle Day,2020-03-25
Thu Mar 26,National Spinach Day,2020-03-26
Fri Mar 27,National Spanish Paella Day,2020-03-27
Fri Mar 27,Quentin Tarantino's Birthday,2020-03-27
Sat Mar 28,Lady Gaga's Birthday,2020-03-28
Sat Mar 28,Major League Baseball Opening Day,2020-03-28
Sat Mar 28,Respect Your Cat Day,2020-03-28
Sun Mar 29,National Mom and Pop Business Owners Day,2020-03-29
Mon Mar 30,Doctors' Day,2020-03-30
Tue Mar 31,World Backup Day,2020-03-31
Wed Apr 1,April Fools' Day,2020-04-01
Wed Apr 1,National Walking Day,2020-04-01
Thu Apr 2,National Burrito Day,2020-04-02
Thu Apr 2,National Peanut Butter and Jelly Day,2020-04-02
Thu Apr 2,World Autism Awareness Day,2020-04-02
Fri Apr 3,National Find a Rainbow Day,2020-04-03
Fri Apr 3,World Party Day,2020-04-03
Sat Apr 4,National Hug a Newsperson Day,2020-04-04
Sat Apr 4,Qingming Festival,2020-04-04
Sun Apr 5,National Deep Dish Pizza Day,2020-04-05
Mon Apr 6,National Siamese Cat Day,2020-04-06
Mon Apr 6,National Student-Athlete Day,2020-04-06
Mon Apr 6,New Beer's Eve,2020-04-06
Tue Apr 7,National Beer Day,2020-04-07
Tue Apr 7,World Health Day,2020-04-07
Wed Apr 8,National Empanada Day,2020-04-08
Wed Apr 8,Passover,2020-04-08
Thu Apr 9,Maundy Thursday,2020-04-09
Thu Apr 9,National Winston Churchill Day,2020-04-09
Fri Apr 10,Good Friday,2020-04-10
Fri Apr 10,Day of Silence,2020-04-10
Fri Apr 10,National Hug Your Dog Day,2020-04-10
Fri Apr 10,National Siblings Day,2020-04-10
Sat Apr 11,National Pet Day,2020-04-11
Sun Apr 12,Easter,2020-04-12
Sun Apr 12,National Grilled Cheese Sandwich Day,2020-04-12
Mon Apr 13,National Make Lunch Count Day,2020-04-13
Mon Apr 13,National Scrabble Day,2020-04-13
Tue Apr 14,National Ex-Spouse Day,2020-04-14
Tue Apr 14,RAINN Day,2020-04-14
Wed Apr 15,National Laundry Day,2020-04-15
Wed Apr 15,Tax Day,2020-04-15
Thu Apr 16,National High Five Day,2020-04-16
Thu Apr 16,Selena Day,2020-04-16
Thu Apr 16,Wear Pajamas to Work Day,2020-04-16
Fri Apr 17,National Cheese Ball Day,2020-04-17
Sat Apr 18,Husband Appreciation Day,2020-04-18
Sat Apr 18,National Haiku Poetry Day,2020-04-18
Sat Apr 18,National Lineman Appreciation Day,2020-04-18
Sat Apr 18,National Velociraptor Awareness Day,2020-04-18
Sun Apr 19,National Garlic Day,2020-04-19
Mon Apr 20,Chinese Language Day,2020-04-20
Mon Apr 20,National Look-Alike Day,2020-04-20
Tue Apr 21,National Bulldogs Are Beautiful Day,2020-04-21
Tue Apr 21,National Kindergarten Day,2020-04-21
Tue Apr 21,Tiradentes Day,2020-04-21
Wed Apr 22,Administrative Professionals Day,2020-04-22
Wed Apr 22,Earth Day,2020-04-22
Wed Apr 22,National Jelly Bean Day,2020-04-22
Thu Apr 23,National Picnic Day,2020-04-23
Thu Apr 23,St. George's Day,2020-04-23
Thu Apr 23,Take Our Daughters and Sons to Work Day,2020-04-23
Thu Apr 23,World Book Day,2020-04-23
Fri Apr 24,National Arbor Day,2020-04-24
Fri Apr 24,National Pigs in a Blanket Day,2020-04-24
Sat Apr 25,Anzac Day,2020-04-25
Sat Apr 25,National DNA Day,2020-04-25
Sat Apr 25,​National Drug Take Back Day,2020-04-25
Sat Apr 25,National Hairstylist Appreciation Day,2020-04-25
Sat Apr 25,National Hug a Plumber Day,2020-04-25
Sat Apr 25,National Telephone Day,2020-04-25
Sat Apr 25,World Malaria Day,2020-04-25
Sun Apr 26,National Pretzel Day,2020-04-26
Mon Apr 27,National Prime Rib Day,2020-04-27
Tue Apr 28,National Superhero Day,2020-04-28
Wed Apr 29,International Dance Day,2020-04-29
Wed Apr 29,International Guide Dog Day,2020-04-29
Wed Apr 29,National Shrimp Scampi Day,2020-04-29
Thu Apr 30,International Jazz Day,2020-04-30
Thu Apr 30,Honesty Day,2020-04-30
Thu Apr 30,National Raisin Day,2020-04-30
Fri May 1,May Day,2020-05-01
Sat May 2,Free Comic Book Day,2020-05-02
Sat May 2,National Brothers and Sisters Day,2020-05-02
Sun May 3,National Paranormal Day,2020-05-03
Mon May 4,Star Wars Day,2020-05-04
Tue May 5,Cinco de Mayo,2020-05-05
Tue May 5,National Hoagie Day,2020-05-05
Tue May 5,National Teacher Day,2020-05-05
Wed May 6,International No Diet Day,2020-05-06
Wed May 6,National Nurses Day,2020-05-06
Wed May 6,National Tourist Appreciation Day,2020-05-06
Thu May 7,National Day of Prayer,2020-05-07
Thu May 7,National Tourism Day,2020-05-07
Thu May 7,Vesak,2020-05-07
Thu May 7,World Password Day,2020-05-07
Fri May 8,National Have a Coke Day,2020-05-08
Sat May 9,National Moscato Day,2020-05-09
Sat May 9,World Migratory Bird Day,2020-05-09
Sun May 10,Mother's Day,2020-05-10
Sun May 10,National Clean Your Room Day,2020-05-10
Sun May 10,National Shrimp Day,2020-05-10
Mon May 11,National Eat What You Want Day,2020-05-11
Tue May 12,National Limerick Day,2020-05-12
Wed May 13,Fair Trade Day,2020-05-13
Wed May 13,International Hummus Day,2020-05-13
Wed May 13,National Apple Pie Day,2020-05-13
Wed May 13,National Fruit Cocktail Day,2020-05-13
Wed May 13,National Receptionists Day,2020-05-13
Thu May 14,National Buttermilk Biscuit Day,2020-05-14
Fri May 15,International Day of Families,2020-05-15
Fri May 15,National Chocolate Chip Day,2020-05-15
Fri May 15,National Endangered Species Day,2020-05-15
Fri May 15,National Pizza Party Day,2020-05-15
Sat May 16,National Armed Forces Day,2020-05-16
Sat May 16,National Mimosa Day,2020-05-16
Sun May 17,National Walnut Day,2020-05-17
Mon May 18,National No Dirty Dishes Day,2020-05-18
Tue May 19,National Devil's Food Cake Day,2020-05-19
Wed May 20,National Be a Millionaire Day,2020-05-20
Thu May 21,National Waitstaff Day,2020-05-21
Fri May 22,Harvey Milk Day,2020-05-22
Fri May 22,International Day for Biological Diversity,2020-05-22
Fri May 22,National Maritime Day,2020-05-22
Sat May 23,National Taffy Day,2020-05-23
Sun May 24,Indianapolis 500,2020-05-24
Sun May 24,National Brother's Day,2020-05-24
Sun May 24,National Scavenger Hunt Day,2020-05-24
Mon May 25,Memorial Day,2020-05-25
Mon May 25,National Wine Day,2020-05-25
Mon May 25,Towel Day,2020-05-25
Tue May 26,National Paper Airplane Day,2020-05-26
Wed May 27,National Sunscreen Day,2020-05-27
Thu May 28,National Brisket Day,2020-05-28
Thu May 28,National Hamburger Day,2020-05-28
Thu May 28,Shavuot,2020-05-28
Fri May 29,Learn About Composting Day,2020-05-29
Sat May 30,National Mint Julep Day,2020-05-30
Sun May 31,National Macaroon Day,2020-05-31
Sun May 31,World No Tobacco Day,2020-05-31
Mon Jun 1,Global Day of Parents,2020-06-01
Mon Jun 1,National Olive Day,2020-06-01
Mon Jun 1,Western Australia Day,2020-06-01
Wed Jun 3,Global Running Day,2020-06-03
Wed Jun 3,National Egg Day,2020-06-03
Wed Jun 3,World Bicycle Day,2020-06-03
Wed Jun 3,World Cider Day,2020-06-03
Thu Jun 4,National Cheese Day,2020-06-04
Thu Jun 4,National Hug Your Cat Day,2020-06-04
Thu Jun 4,National Moonshine Day,2020-06-04
Fri Jun 5,National Donut Day,2020-06-05
Fri Jun 5,World Environment Day,2020-06-05
Sat Jun 6,National Eyewear Day,2020-06-06
Sat Jun 6,National Yo-Yo Day,2020-06-06
Sat Jun 6,Queensland Day,2020-06-06
Sat Jun 6,Russian Language Day,2020-06-06
Sun Jun 7,National Chocolate Ice Cream Day,2020-06-07
Sun Jun 7,Prince’s Birthday,2020-06-07
Mon Jun 8,National Best Friends Day,2020-06-08
Mon Jun 8,World Oceans Day,2020-06-08
Tue Jun 9,National Donald Duck Day,2020-06-09
Wed Jun 10,National Iced Tea Day,2020-06-10
Thu Jun 11,King Kamehameha Day,2020-06-11
Thu Jun 11,National Corn on the Cob Day,2020-06-11
Fri Jun 12,National Loving Day,2020-06-12
Fri Jun 12,Philippines Independence Day,2020-06-12
Sat Jun 13,National Rosé Day,2020-06-13
Sat Jun 13,National Sewing Machine Day,2020-06-13
Sun Jun 14,Army Birthday,2020-06-14
Sun Jun 14,Flag Day,2020-06-14
Sun Jun 14,National Bourbon Day,2020-06-14
Sun Jun 14,World Blood Donor Day,2020-06-14
Mon Jun 15,World Elder Abuse Awareness Day,2020-06-15
Tue Jun 16,International Day of the African Child,2020-06-16
Tue Jun 16,National Fudge Day,2020-06-16
Tue Jun 16,Tupac's Birthday,2020-06-16
Wed Jun 17,National Eat Your Vegetables Day,2020-06-17
Thu Jun 18,International Sushi Day,2020-06-18
Thu Jun 18,National Go Fishing Day,2020-06-18
Fri Jun 19,International Box Day,2020-06-19
Fri Jun 19,Juneteenth,2020-06-19
Fri Jun 19,National Garfield the Cat Day,2020-06-19
Fri Jun 19,National Martini Day,2020-06-19
Sat Jun 20,National American Eagle Day,2020-06-20
Sat Jun 20,Summer Solstice,2020-06-20
Sat Jun 20,Ugliest Dog Day,2020-06-20
Sat Jun 20,World Refugee Day,2020-06-20
Sun Jun 21,Father's Day,2020-06-21
Sun Jun 21,International Yoga Day,2020-06-21
Sun Jun 21,National Aboriginal Day,2020-06-21
Sun Jun 21,National Selfie Day,2020-06-21
Sun Jun 21,National Smoothie Day,2020-06-21
Sun Jun 21,World Day of Music,2020-06-21
Mon Jun 22,National Kissing Day,2020-06-22
Mon Jun 22,National Onion Ring Day,2020-06-22
Mon Jun 22,National Take Your Cat to Work Day,2020-06-22
Tue Jun 23,International Dark 'n Stormy® Day,2020-06-23
Tue Jun 23,National Hydration Day,2020-06-23
Wed Jun 24,Midsummer,2020-06-24
Wed Jun 24,Saint-Jean-Baptiste Day,2020-06-24
Thu Jun 25,Bourdain Day,2020-06-25
Thu Jun 25,Global Beatles Day,2020-06-25
Thu Jun 25,International Day of the Seafarer,2020-06-25
Thu Jun 25,National Work From Home Day,2020-06-25
Fri Jun 26,National Chocolate Pudding Day,2020-06-26
Fri Jun 26,National Take Your Dog to Work Day,2020-06-26
Sat Jun 27,National Bingo Day,2020-06-27
Sat Jun 27,National Sunglasses Day,2020-06-27
Sun Jun 28,National Insurance Awareness Day,2020-06-28
Sun Jun 28,National Tapioca Day,2020-06-28
Mon Jun 29,Hug Holiday,2020-06-29
Mon Jun 29,National Camera Day,2020-06-29
Mon Jun 29,Wimbledon,2020-06-29
Tue Jun 30,International Asteroid Day,2020-06-30
Tue Jun 30,World Social Media Day,2020-06-30
Wed Jul 1,Canada Day,2020-07-01
Wed Jul 1,International Joke Day,2020-07-01
Thu Jul 2,World UFO Day,2020-07-02
Fri Jul 3,National Stay Out of the Sun Day,2020-07-03
Sat Jul 4,Independence Day,2020-07-04
Sun Jul 5,Asalha Puja,2020-07-05
Sun Jul 5,First Day of NAIDOC Week,2020-07-05
Sun Jul 5,National Bikini Day,2020-07-05
Mon Jul 6,International Kissing Day,2020-07-06
Mon Jul 6,National Fried Chicken Day,2020-07-06
Tue Jul 7,National Strawberry Sundae Day,2020-07-07
Wed Jul 8,National Video Game Day,2020-07-08
Thu Jul 9,National Sugar Cookie Day,2020-07-09
Thu Jul 9,Nunavut Day,2020-07-09
Fri Jul 10,National Kitten Day,2020-07-10
Fri Jul 10,National Piña Colada Day,2020-07-10
Sat Jul 11,National Free Slurpee Day,2020-07-11
Sat Jul 11,World Population Day,2020-07-11
Sun Jul 12,National Eat Your Jello Day,2020-07-12
Sun Jul 12,National Simplicity Day,2020-07-12
Sun Jul 12,Orangemen's Day,2020-07-12
Mon Jul 13,Amazon Prime Day,2020-07-13
Mon Jul 13,National French Fry Day,2020-07-13
Tue Jul 14,Bastille Day,2020-07-14
Tue Jul 14,Cow Appreciation Day,2020-07-14
Tue Jul 14,National Mac and Cheese Day,2020-07-14
Tue Jul 14,National Nude Day,2020-07-14
Tue Jul 14,Pandemonium Day,2020-07-14
Wed Jul 15,National Give Something Away Day,2020-07-15
Wed Jul 15,National Pet Fire Safety Day,2020-07-15
Thu Jul 16,National Corn Fritter Day,2020-07-16
Fri Jul 17,National Lottery Day,2020-07-17
Fri Jul 17,World Emoji Day,2020-07-17
Sat Jul 18,National Caviar Day,2020-07-18
Sat Jul 18,Nelson Mandela International Day,2020-07-18
Sat Jul 18,World Listening Day,2020-07-18
Sun Jul 19,National Daiquiri Day,2020-07-19
Sun Jul 19,National Ice Cream Day,2020-07-19
Mon Jul 20,National Lollipop Day,2020-07-20
Mon Jul 20,National Moon Day,2020-07-20
Tue Jul 21,National Junk Food Day,2020-07-21
Wed Jul 22,National Hammock Day,2020-07-22
Wed Jul 22,Selena Gomez's Birthday,2020-07-22
Thu Jul 23,National Gorgeous Grandma Day,2020-07-23
Thu Jul 23,National Hot Dog Day,2020-07-23
Fri Jul 24,National Cousins Day,2020-07-24
Fri Jul 24,National Drive-Thru Day,2020-07-24
Fri Jul 24,National Tequila Day,2020-07-24
Sat Jul 25,National Hot Fudge Sundae Day,2020-07-25
Sat Jul 25,National Wine and Cheese Day,2020-07-25
Sun Jul 26,National Aunt and Uncle Day,2020-07-26
Sun Jul 26,National Coffee Milkshake Day,2020-07-26
Sun Jul 26,National Parents’ Day,2020-07-26
Mon Jul 27,National Creme Brûlée Day,2020-07-27
Mon Jul 27,National Scotch Day,2020-07-27
Tue Jul 28,National Milk Chocolate Day,2020-07-28
Tue Jul 28,World Hepatitis Day,2020-07-28
Wed Jul 29,​Day of Arafah,2020-07-29
Wed Jul 29,National Chicken Wing Day,2020-07-29
Wed Jul 29,National Lasagna Day,2020-07-29
Wed Jul 29,National Lipstick Day,2020-07-29
Thu Jul 30,International Day of Friendship,2020-07-30
Thu Jul 30,National Cheesecake Day,2020-07-30
Thu Jul 30,National Chili Dog Day,2020-07-30
Thu Jul 30,National Father-in-Law Day,2020-07-30
Fri Jul 31,Eid al-Adha,2020-07-31
Fri Jul 31,Harry Potter's Birthday,2020-07-31
Fri Jul 31,National Avocado Day,2020-07-31
Fri Jul 31,National Mutt Day,2020-07-31
Sat Aug 1,DOGust 1st: Universal Birthday for Shelter Dogs,2020-08-01
Sat Aug 1,National Girlfriends Day,2020-08-01
Sat Aug 1,National Mustard Day,2020-08-01
Sat Aug 1,Spider-Man Day,2020-08-01
Sun Aug 2,National Coloring Book Day,2020-08-02
Sun Aug 2,National Friendship Day,2020-08-02
Sun Aug 2,National Ice Cream Sandwich Day,2020-08-02
Sun Aug 2,National Sisters Day,2020-08-02
Mon Aug 3,British Columbia Day,2020-08-03
Mon Aug 3,Civic Holiday,2020-08-03
Mon Aug 3,Heritage Day in Alberta,2020-08-03
Mon Aug 3,Natal Day,2020-08-03
Mon Aug 3,National Watermelon Day,2020-08-03
Mon Aug 3,New Brunswick Day,2020-08-03
Mon Aug 3,New South Wales Bank Holiday,2020-08-03
Mon Aug 3,Northern Territory Picnic Day,2020-08-03
Mon Aug 3,Terry Fox Day,2020-08-03
Mon Aug 3,Tom Brady's Birthday,2020-08-03
Tue Aug 4,Barack Obama’s Birthday,2020-08-04
Tue Aug 4,National Chocolate Chip Cookie Day,2020-08-04
Tue Aug 4,U.S. Coast Guard Birthday,2020-08-04
Wed Aug 5,National Underwear Day,2020-08-05
Wed Aug 5,Regatta Day,2020-08-05
Wed Aug 5,Work Like a Dog Day,2020-08-05
Thu Aug 6,National Root Beer Float Day,2020-08-06
Fri Aug 7,International Beer Day,2020-08-07
Fri Aug 7,National Lighthouse Day,2020-08-07
Sat Aug 8,International Cat Day,2020-08-08
Sat Aug 8,National Bowling Day,2020-08-08
Sat Aug 8,Peace Festival in Augsburg,2020-08-08
Sun Aug 9,National Book Lovers Day,2020-08-09
Sun Aug 9,National Women's Day,2020-08-09
Mon Aug 10,National Lazy Day,2020-08-10
Mon Aug 10,National Spoil Your Dog Day,2020-08-10
Tue Aug 11,Mountain Day,2020-08-11
Tue Aug 11,National Son and Daughter Day,2020-08-11
Wed Aug 12,International Youth Day,2020-08-12
Wed Aug 12,National Middle Child Day,2020-08-12
Wed Aug 12,Royal National Agricultural Show Day,2020-08-12
Thu Aug 13,International Lefthanders Day,2020-08-13
Fri Aug 14,National Financial Awareness Day,2020-08-14
Fri Aug 14,Pakistan Independence Day,2020-08-14
Sat Aug 15,Chant at the Moon Day,2020-08-15
Sat Aug 15,Feast of the Assumption,2020-08-15
Sat Aug 15,Indian Independence Day,2020-08-15
Sat Aug 15,International Homeless Animals Day,2020-08-15
Sat Aug 15,National Relaxation Day,2020-08-15
Sun Aug 16,National Roller Coaster Day,2020-08-16
Sun Aug 16,National Rum Day,2020-08-16
Sun Aug 16,National Tell A Joke Day,2020-08-16
Mon Aug 17,Discovery Day,2020-08-17
Mon Aug 17,National Black Cat Appreciation Day,2020-08-17
Tue Aug 18,National Couple's Day,2020-08-18
Tue Aug 18,National Fajita Day,2020-08-18
Wed Aug 19,Islamic New Year,2020-08-19
Wed Aug 19,National Aviation Day,2020-08-19
Wed Aug 19,National Potato Day,2020-08-19
Wed Aug 19,World Humanitarian Day,2020-08-19
Thu Aug 20,National Lemonade Day,2020-08-20
Thu Aug 20,National Radio Day,2020-08-20
Fri Aug 21,Gold Cup Parade,2020-08-21
Fri Aug 21,National Senior Citizens Day,2020-08-21
Fri Aug 21,Ninoy Aquino Day,2020-08-21
Sat Aug 22,Ganesh Chaturthi,2020-08-22
Sat Aug 22,National Take Your Cat to the Vet Day,2020-08-22
Sat Aug 22,National Tooth Fairy Day,2020-08-22
Sat Aug 22,Onam,2020-08-22
Sat Aug 22,World Plant Milk Day,2020-08-22
Sun Aug 23,Cheap Flight Day,2020-08-23
Sun Aug 23,Health Unit Coordinators Day,2020-08-23
Sun Aug 23,National Sponge Cake Day,2020-08-23
Mon Aug 24,Kobe Bryant Remembrance Day,2020-08-24
Mon Aug 24,National Waffle Day,2020-08-24
Tue Aug 25,National Banana Split Day,2020-08-25
Tue Aug 25,National Secondhand Wardrobe Day,2020-08-25
Wed Aug 26,National Dog Day,2020-08-26
Wed Aug 26,Women’s Equality Day,2020-08-26
Thu Aug 27,International Lottery Day,2020-08-27
Thu Aug 27,National Just Because Day,2020-08-27
Fri Aug 28,Ashura,2020-08-28
Fri Aug 28,National Red Wine Day,2020-08-28
Sat Aug 29,National Lemon Juice Day,2020-08-29
Sun Aug 30,College Colors Day,2020-08-30
Sun Aug 30,National Beach Day,2020-08-30
Sun Aug 30,National Holistic Pet Day,2020-08-30
Sun Aug 30,Notting Hill Carnival,2020-08-30
Mon Aug 31,National Heroes' Day,2020-08-31
Mon Aug 31,National Trail Mix Day,2020-08-31
Tue Sep 1,American Chess Day,2020-09-01
Tue Sep 1,Pitru Paksha,2020-09-01
Wed Sep 2,VJ Day,2020-09-02
Wed Sep 2,World Coconut Day,2020-09-02
Thu Sep 3,National Skyscraper Day,2020-09-03
Fri Sep 4,Beyoncé’s Birthday,2020-09-04
Fri Sep 4, ​National Wildlife Day,2020-09-04
Sat Sep 5,International Day of Charity,2020-09-05
Sat Sep 5,National Cheese Pizza Day,2020-09-05
Sun Sep 6,National Read a Book Day,2020-09-06
Mon Sep 7,Brazil Independence Day,2020-09-07
Mon Sep 7,Labor Day ,2020-09-07
Mon Sep 7,National Beer Lovers Day,2020-09-07
Mon Sep 7,West Indian Day Parade,2020-09-07
Tue Sep 8,International Literacy Day,2020-09-08
Tue Sep 8,Telephone Tuesday,2020-09-08
Wed Sep 9,International Sudoku Day,2020-09-09
Wed Sep 9,National Wiener Schnitzel Day,2020-09-09
Thu Sep 10,World Suicide Prevention Day,2020-09-10
Fri Sep 11,National 401(k) Day,2020-09-11
Fri Sep 11,Patriot Day,2020-09-11
Fri Sep 11,National Make Your Bed Day,2020-09-11
Sat Sep 12,German Language Day,2020-09-12
Sat Sep 12,National Video Games Day,2020-09-12
Sun Sep 13,Day of the Homeland,2020-09-13
Sun Sep 13,European Heritage Days,2020-09-13
Sun Sep 13,Grandparents Day,2020-09-13
Sun Sep 13,National Celiac Disease Awareness Day,2020-09-13
Sun Sep 13,National Peanut Day,2020-09-13
Mon Sep 14,National Coloring Day,2020-09-14
Tue Sep 15,Get Ready Day,2020-09-15
Tue Sep 15,International Day of Democracy,2020-09-15
Tue Sep 15,International Dot Day,2020-09-15
Tue Sep 15,National Linguine Day,2020-09-15
Tue Sep 15,Shout of Dolores,2020-09-15
Wed Sep 16,Mexican Independence Day,2020-09-16
Wed Sep 16,National Guacamole Day,2020-09-16
Wed Sep 16,National School Backpack Awareness Day,2020-09-16
Wed Sep 16,Pchum Ben,2020-09-16
Thu Sep 17,Constitution Day,2020-09-17
Thu Sep 17,International Patient Safety Day,2020-09-17
Fri Sep 18,National Cheeseburger Day,2020-09-18
Fri Sep 18,National First Love Day,2020-09-18
Fri Sep 18,National HIV/AIDS and Aging Awareness Day,2020-09-18
Fri Sep 18,Rosh Hashanah,2020-09-18
Sat Sep 19,National Dance Day,2020-09-19
Sat Sep 19,National Gymnastics Day,2020-09-19
Sat Sep 19,National Meow Like a Pirate Day,2020-09-19
Sat Sep 19,Talk Like a Pirate Day,2020-09-19
Sun Sep 20,German World Children's Day,2020-09-20
Sun Sep 20,National Pepperoni Pizza Day,2020-09-20
Sun Sep 20,National Punch Day,2020-09-20
Sun Sep 20,National Queso Day,2020-09-20
Sun Sep 20,Wife Appreciation Day,2020-09-20
Mon Sep 21,Batman Day,2020-09-21
Mon Sep 21,International Day of Peace,2020-09-21
Mon Sep 21,National Day of Civic Hacking,2020-09-21
Tue Sep 22,Fall Equinox,2020-09-22
Tue Sep 22,Falls Prevention Awareness Day,2020-09-22
Tue Sep 22,National Elephant Appreciation Day,2020-09-22
Tue Sep 22,Hobbit Day ,2020-09-22
Tue Sep 22,National Ice Cream Cone Day,2020-09-22
Tue Sep 22,National Singles Day ,2020-09-22
Tue Sep 22,National Temperature Control Day,2020-09-22
Tue Sep 22,​National Voter Registration Day,2020-09-22
Tue Sep 22,National White Chocolate Day,2020-09-22
Wed Sep 23,National Dogs in Politics Day,2020-09-23
Thu Sep 24,National Cherries Jubilee Day,2020-09-24
Fri Sep 25,AFL Grand Final Friday,2020-09-25
Fri Sep 25,German Sandwich Day,2020-09-25
Fri Sep 25,Heritage Day,2020-09-25
Fri Sep 25,National Comic Book Day,2020-09-25
Fri Sep 25,National Cooking Day,2020-09-25
Fri Sep 25,National Daughters Day,2020-09-25
Fri Sep 25,National Lobster Day,2020-09-25
Fri Sep 25,Sport Purple for Platelets Day,2020-09-25
Sat Sep 26,Better Breakfast Day,2020-09-26
Sat Sep 26,Johnny Appleseed Day,2020-09-26
Sat Sep 26,National Bunny Day,2020-09-26
Sat Sep 26,National Dumpling Day,2020-09-26
Sat Sep 26,National Family Day,2020-09-26
Sat Sep 26,National Hunting and Fishing Day,2020-09-26
Sat Sep 26,National Mesothelioma Awareness Day,2020-09-26
Sat Sep 26,National Pancake Day,2020-09-26
Sat Sep 26,National Public Lands Day,2020-09-26
Sun Sep 27,National Crush Day,2020-09-27
Sun Sep 27,National No Excuses Day,2020-09-27
Sun Sep 27,World Tourism Day,2020-09-27
Sun Sep 27,Yom Kippur,2020-09-27
Mon Sep 28,National Drink Beer Day,2020-09-28
Mon Sep 28,National Neighbor Day,2020-09-28
Mon Sep 28,National Sons Day,2020-09-28
Mon Sep 28,World Rabies Day,2020-09-28
Tue Sep 29,Family Health & Fitness Day USA,2020-09-29
Tue Sep 29,National Coffee Day,2020-09-29
Tue Sep 29,National Starbucks Day,2020-09-29
Tue Sep 29,World Heart Day,2020-09-29
Wed Sep 30,International Podcast Day,2020-09-30
Wed Sep 30,​National Love People Day,2020-09-30
Thu Oct 1,International Coffee Day,2020-10-01
Thu Oct 1,​International Day of Older Persons,2020-10-01
Thu Oct 1,Mid-Autumn Festival,2020-10-01
Thu Oct 1,National Black Dog Day,2020-10-01
Thu Oct 1,National Fire Pup Day,2020-10-01
Thu Oct 1,National Hair Day,2020-10-01
Thu Oct 1,National Homemade Cookies Day,2020-10-01
Thu Oct 1,World Vegetarian Day,2020-10-01
Fri Oct 2,International Day of Non-Violence,2020-10-02
Fri Oct 2,National Custodian Day,2020-10-02
Fri Oct 2,National Name Your Car Day,2020-10-02
Fri Oct 2,National Walk and Bike to School Day,2020-10-02
Fri Oct 2,Sukkot,2020-10-02
Fri Oct 2,World Smile Day,2020-10-02
Sat Oct 3,Mean Girls Day,2020-10-03
Sat Oct 3,National Boyfriend Day,2020-10-03
Sat Oct 3,National Kevin Day,2020-10-03
Sat Oct 3,National Poetry Day,2020-10-03
Sun Oct 4,​National Cinnamon Roll Day,2020-10-04
Sun Oct 4,National Crunchy Taco Day,2020-10-04
Sun Oct 4,National Golf Lovers Day ,2020-10-04
Sun Oct 4,National Taco Day,2020-10-04
Sun Oct 4,National Vodka Day,2020-10-04
Sun Oct 4,World Animal Day,2020-10-04
Mon Oct 5,National Be Nice Day,2020-10-05
Mon Oct 5,National Child Health Day,2020-10-05
Mon Oct 5,National Get Funky Day,2020-10-05
Mon Oct 5,National Kiss a Wrestler Day ,2020-10-05
Mon Oct 5,National Do Something Nice Day,2020-10-05
Mon Oct 5,World Teachers' Day ,2020-10-05
Tue Oct 6,National Coaches Day,2020-10-06
Tue Oct 6,National Mad Hatter Day,2020-10-06
Tue Oct 6,National Noodle Day,2020-10-06
Tue Oct 6,National Plus Size Appreciation Day,2020-10-06
Tue Oct 6,​National Transfer Money to Your Daughter Day,2020-10-06
Tue Oct 6,World Cerebral Palsy Day,2020-10-06
Wed Oct 7,​National Frappe Day,2020-10-07
Thu Oct 8,National Depression Screening Day,2020-10-08
Thu Oct 8,National Fluffernutter Day,2020-10-08
Thu Oct 8,National Pierogi Day,2020-10-08
Fri Oct 9,World Post Day,2020-10-09
Sat Oct 10,National Cake Decorating Day,2020-10-10
Sat Oct 10,National Hug a Drummer Day,2020-10-10
Sat Oct 10,World Hospice and Palliative Care Day,2020-10-10
Sat Oct 10,World Mental Health Day,2020-10-10
Sun Oct 11,Cardi B's Birthday,2020-10-11
Sun Oct 11,National Coming Out Day,2020-10-11
Sun Oct 11,National Kimberly Day,2020-10-11
Sun Oct 11,National Sausage Pizza Day,2020-10-11
Mon Oct 12,Columbus Day,2020-10-12
Mon Oct 12,Farmers Day,2020-10-12
Mon Oct 12,National Pulled Pork Day ,2020-10-12
Mon Oct 12,National Savings Day,2020-10-12
Tue Oct 13,Metastatic Breast Cancer Awareness Day,2020-10-13
Tue Oct 13,​National Fossil Day,2020-10-13
Tue Oct 13,National M&M Day,2020-10-13
Tue Oct 13,National No Bra Day,2020-10-13
Tue Oct 13,National Transfer Money to Your Son Day,2020-10-13
Tue Oct 13,Navy Birthday,2020-10-13
Wed Oct 14,National Dessert Day,2020-10-14
Wed Oct 14,National Kick Butt Day,2020-10-14
Wed Oct 14,National Pet Obesity Day,2020-10-14
Thu Oct 15,Global Handwashing Day,2020-10-15
Thu Oct 15,International ShakeOut Day,2020-10-15
Thu Oct 15,National Cheese Curd Day,2020-10-15
Thu Oct 15,National Grouch Day,2020-10-15
Thu Oct 15,​National I Love Lucy Day,2020-10-15
Thu Oct 15,National Latino AIDS Awareness Day,2020-10-15
Thu Oct 15,National Mushroom Day,2020-10-15
Thu Oct 15,National Pregnancy and Infant Loss Remembrance Day,2020-10-15
Thu Oct 15,Maths Day,2020-10-15
Fri Oct 16,Global Cat Day,2020-10-16
Fri Oct 16,Mysore Dasara,2020-10-16
Fri Oct 16,National Boss's Day,2020-10-16
Fri Oct 16,National Feral Cat Day,2020-10-16
Fri Oct 16,​National Liqueur Day,2020-10-16
Fri Oct 16,National Mammography Day,2020-10-16
Fri Oct 16,World Food Day,2020-10-16
Sat Oct 17,National Clean Your Virtual Desktop Day,2020-10-17
Sat Oct 17,Eminem's Birthday,2020-10-17
Sat Oct 17,National Edge Day,2020-10-17
Sat Oct 17,National Fetch Day,2020-10-17
Sat Oct 17,National Mulligan Day ,2020-10-17
Sat Oct 17,National Pasta Day,2020-10-17
Sat Oct 17,National Pay Back a Friend Day,2020-10-17
Sat Oct 17,Navratri,2020-10-17
Sat Oct 17,Sweetest Day,2020-10-17
Sun Oct 18,National Chocolate Cupcake Day,2020-10-18
Sun Oct 18,National No Beard Day,2020-10-18
Mon Oct 19,National New Friends Day,2020-10-19
Mon Oct 19,World Pediatric Bone and Joint Day,2020-10-19
Tue Oct 20,International Sloth Day,2020-10-20
Tue Oct 20,National Day on Writing,2020-10-20
Tue Oct 20,National Pharmacy Technician Day,2020-10-20
Tue Oct 20,World Osteoporosis Day,2020-10-20
Wed Oct 21,​Back to the Future Day ,2020-10-21
Wed Oct 21,International Day of the Nacho,2020-10-21
Wed Oct 21,National Apple Day,2020-10-21
Wed Oct 21,National Check Your Meds Day,2020-10-21
Wed Oct 21,National Medical Assistants Day,2020-10-21
Wed Oct 21,National Pets for Veterans Day,2020-10-21
Wed Oct 21,National Reptile Awareness Day,2020-10-21
Wed Oct 21,National Reptile Day ,2020-10-21
Thu Oct 22,International Stuttering Awareness Day,2020-10-22
Thu Oct 22,National Nut Day,2020-10-22
Fri Oct 23,National Boston Cream Pie Day,2020-10-23
Fri Oct 23,National Croc Day,2020-10-23
Fri Oct 23,National Mole Day,2020-10-23
Fri Oct 23,National Paralegal Day,2020-10-23
Fri Oct 23,Slap Your Annoying Coworker Day ,2020-10-23
Sat Oct 24,Drake's Birthday,2020-10-24
Sat Oct 24,National Bologna Day,2020-10-24
Sat Oct 24,United Nations Day,2020-10-24
Sun Oct 25,Katy Perry's Birthday,2020-10-25
Sun Oct 25,National Art Day,2020-10-25
Sun Oct 25,National Greasy Foods Day,2020-10-25
Sun Oct 25,​National I Care About You Day,2020-10-25
Sun Oct 25,Vijayadashami,2020-10-25
Sun Oct 25,World Pasta Day,2020-10-25
Mon Oct 26,National Chicken Fried Steak Day,2020-10-26
Mon Oct 26,National Pit Bull Awareness Day,2020-10-26
Mon Oct 26,National Pumpkin Day,2020-10-26
Tue Oct 27,National American Beer Day,2020-10-27
Tue Oct 27,National Black Cat Day,2020-10-27
Tue Oct 27,​National Mentoring Day,2020-10-27
Wed Oct 28,National Chocolate Day,2020-10-28
Wed Oct 28,​National First Responders Day,2020-10-28
Wed Oct 28,​National Immigrants Day,2020-10-28
Thu Oct 29,National Cat Day,2020-10-29
Thu Oct 29,National Internet Day,2020-10-29
Thu Oct 29,National Oatmeal Day,2020-10-29
Thu Oct 29,World Psoriasis Day,2020-10-29
Fri Oct 30,National Breadstick Day ,2020-10-30
Fri Oct 30,National Checklist Day,2020-10-30
Fri Oct 30,National Text Your Ex Day,2020-10-30
Sat Oct 31,Halloween,2020-10-31
Sat Oct 31,​National Caramel Apple Day,2020-10-31
Sun Nov 1,National Author's Day,2020-11-01
Sun Nov 1,National Brush Day,2020-11-01
Sun Nov 1,​National Calzone Day,2020-11-01
Sun Nov 1,National Cook For Your Pets Day,2020-11-01
Sun Nov 1,National Men Make Dinner Day,2020-11-01
Sun Nov 1,National Vinegar Day,2020-11-01
Mon Nov 2,Day of the Dead,2020-11-02
Mon Nov 2,National Bison Day,2020-11-02
Mon Nov 2,National Deviled Egg Day,2020-11-02
Tue Nov 3,Daylight Saving Day,2020-11-03
Tue Nov 3,National Homemaker Day,2020-11-03
Tue Nov 3,National Sandwich Day,2020-11-03
Wed Nov 4,Job Action Day,2020-11-04
Wed Nov 4,National Candy Day,2020-11-04
Wed Nov 4,National Chicken Lady Day ,2020-11-04
Thu Nov 5,American Football Day,2020-11-05
Thu Nov 5,Bonfire Night,2020-11-05
Thu Nov 5,National Hot Sauce Day,2020-11-05
Thu Nov 5,National Redhead Day,2020-11-05
Fri Nov 6,National Nachos Day,2020-11-06
Fri Nov 6,National Team Manager Day,2020-11-06
Sat Nov 7,International Stout Day,2020-11-07
Sat Nov 7,National Bittersweet Chocolate with Almonds Day,2020-11-07
Sat Nov 7,National Canine Lymphoma Awareness Day,2020-11-07
Sun Nov 8,​National Cappuccino Day,2020-11-08
Sun Nov 8,STEM/STEAM Day,2020-11-08
Mon Nov 9,Go to an Art Museum Day,2020-11-09
Mon Nov 9,National Fried Chicken Sandwich Day,2020-11-09
Tue Nov 10,International Accounting Day,2020-11-10
Tue Nov 10,Marine Corps Birthday,2020-11-10
Tue Nov 10,National Pupusa Day,2020-11-10
Tue Nov 10,National Vanilla Cupcake Day,2020-11-10
Tue Nov 10,Sesame Street Day,2020-11-10
Wed Nov 11,National Metal Day,2020-11-11
Wed Nov 11,National Sundae Day,2020-11-11
Wed Nov 11,Remembrance Day,2020-11-11
Wed Nov 11,Singles Day,2020-11-11
Wed Nov 11,Veterans Day,2020-11-11
Thu Nov 12,National Happy Hour Day,2020-11-12
Fri Nov 13,National Hug a Musician Day,2020-11-13
Fri Nov 13,World Kindness Day,2020-11-13
Sat Nov 14,National Pickle Day,2020-11-14
Sat Nov 14,World Diabetes Day,2020-11-14
Sun Nov 15,National Clean Out Your Fridge Day,2020-11-15
Sun Nov 15,National Drummer Day,2020-11-15
Sun Nov 15,National Philanthropy Day,2020-11-15
Sun Nov 15,National Recycling Day,2020-11-15
Mon Nov 16,International Day For Tolerance,2020-11-16
Mon Nov 16,National Button Day,2020-11-16
Mon Nov 16,National Fast Food Day,2020-11-16
Tue Nov 17,National Baklava Day,2020-11-17
Tue Nov 17,National Hiking Day,2020-11-17
Tue Nov 17,National Homemade Bread Day,2020-11-17
Tue Nov 17,National Take a Hike Day,2020-11-17
Tue Nov 17,National Unfriend Day,2020-11-17
Tue Nov 17,​World Prematurity Day,2020-11-17
Wed Nov 18,Mickey Mouse Day,2020-11-18
Wed Nov 18,Mickey Mouse’s Birthday,2020-11-18
Wed Nov 18,Minnie Mouse's Birthday,2020-11-18
Wed Nov 18,National Princess Day,2020-11-18
Thu Nov 19,International Men’s Day,2020-11-19
Thu Nov 19,National Camp Day,2020-11-19
Thu Nov 19,National Entrepreneur's Day,2020-11-19
Thu Nov 19,National Rural Health Day,2020-11-19
Thu Nov 19,World Toilet Day,2020-11-19
Fri Nov 20,Future Teachers of America Day,2020-11-20
Fri Nov 20,National Pay Back Your Parents Day,2020-11-20
Fri Nov 20,Transgender Day of Remembrance,2020-11-20
Fri Nov 20,Universal Children’s Day,2020-11-20
Sat Nov 21,Great American Smokeout,2020-11-21
Sat Nov 21,International Survivors of Suicide Day,2020-11-21
Sat Nov 21,National Stuffing Day,2020-11-21
Sat Nov 21,World Television Day,2020-11-21
Sun Nov 22,Go For A Ride Day,2020-11-22
Mon Nov 23,National Adoption Day,2020-11-23
Mon Nov 23,National Espresso Day,2020-11-23
Wed Nov 25,DrinksGiving,2020-11-25
Wed Nov 25,International Day for the Elimination of Violence Against Women,2020-11-25
Thu Nov 26,National Cake Day,2020-11-26
Thu Nov 26,National Day of Mourning,2020-11-26
Thu Nov 26,National Family Health History Day,2020-11-26
Thu Nov 26,Thanksgiving,2020-11-26
Thu Nov 26,World Lewis Day,2020-11-26
Fri Nov 27,Black Friday,2020-11-27
Sat Nov 28,National French Toast Day,2020-11-28
Sat Nov 28,Small Business Saturday,2020-11-28
Sun Nov 29,National Lemon Cream Pie Day,2020-11-29
Mon Nov 30,Cyber Monday,2020-11-30
Mon Nov 30,National Computer Security Day,2020-11-30
Mon Nov 30,National Mason Jar Day,2020-11-30
Mon Nov 30,Saint Andrew's Day,2020-11-30
Tue Dec 1,National Christmas Lights Day,2020-12-01
Tue Dec 1,World AIDS Day,2020-12-01
Wed Dec 2,National Mutt Day,2020-12-02
Thu Dec 3,Giving Tuesday,2020-12-03
Thu Dec 3,National Disability Day,2020-12-03
Fri Dec 4,Jay-Z’s Birthday,2020-12-04
Fri Dec 4,National Cookie Day,2020-12-04
Sat Dec 5,Candle Day,2020-12-05
Sat Dec 5,International Ninja Day,2020-12-05
Sat Dec 5,National Repeal Day,2020-12-05
Sun Dec 6,National Gazpacho Day,2020-12-06
Sun Dec 6,National Miners Day,2020-12-06
Mon Dec 7,Green Monday,2020-12-07
Mon Dec 7,International Civil Aviation Day,2020-12-07
Mon Dec 7,National Cotton Candy Day,2020-12-07
Mon Dec 7,National Letter Writing Day,2020-12-07
Mon Dec 7,National Pearl Harbor Day of Remembrance,2020-12-07
Tue Dec 8,National Bartender Day,2020-12-08
Tue Dec 8,National Brownie Day,2020-12-08
Wed Dec 9,National Llama Day,2020-12-09
Wed Dec 9,National Pastry Day,2020-12-09
Thu Dec 10,Chanukah,2020-12-10
Thu Dec 10,National Lager Day,2020-12-10
Fri Dec 11,International Mountain Day,2020-12-11
Sat Dec 12,​National Ding-A-Ling Day,2020-12-12
Sat Dec 12,Gingerbread House Day,2020-12-12
Sat Dec 12,National Poinsettia Day,2020-12-12
Sun Dec 13,National Ice Cream Day,2020-12-13
Sun Dec 13,National Horse Day,2020-12-13
Sun Dec 13,National Salesperson Day,2020-12-13
Sun Dec 13,National Violin Day,2020-12-13
Sun Dec 13,Taylor Swift’s Birthday,2020-12-13
Sun Dec 13,U.S. National Guard Birthday,2020-12-13
Mon Dec 14,Monkey Day,2020-12-14
Mon Dec 14,National Bouillabaisse Day,2020-12-14
Mon Dec 14,National Free Shipping Day,2020-12-14
Tue Dec 15,National Cat Herders Day,2020-12-15
Tue Dec 15,National Cupcake Day,2020-12-15
Wed Dec 16,National Chocolate Covered Anything Day,2020-12-16
Thu Dec 17,National Maple Syrup Day,2020-12-17
Fri Dec 18,Answer The Telephone Like Buddy The Elf Day,2020-12-18
Fri Dec 18,Arabic Language Day,2020-12-18
Sat Dec 19,National Emo Day,2020-12-19
Sat Dec 19,National Hard Candy Day,2020-12-19
Sun Dec 20,National Sangria Day,2020-12-20
Sun Dec 20,National Ugly Sweater Day,2020-12-20
Mon Dec 21,National Coquito Day,2020-12-21
Mon Dec 21,National Crossword Puzzle Day,2020-12-21
Mon Dec 21,National Short Girl Appreciation Day,2020-12-21
Mon Dec 21,National Wreaths Across America Day ,2020-12-21
Mon Dec 21,Winter Solstice,2020-12-21
Tue Dec 22,National Cookie Exchange Day,2020-12-22
Tue Dec 22,​National Short Person Day,2020-12-22
Wed Dec 23,Festivus,2020-12-23
Thu Dec 24,Christmas Eve,2020-12-24
Fri Dec 25,Christmas,2020-12-25
Fri Dec 25,Jesus' Birthday,2020-12-25
Sat Dec 26,Boxing Day,2020-12-26
Sat Dec 26,Kwanzaa,2020-12-26
Sat Dec 26,National Candy Cane Day,2020-12-26
Sat Dec 26,National Thank You Note Day,2020-12-26
Sun Dec 27,National Fruitcake Day,2020-12-27
Mon Dec 28,National Call a Friend Day,2020-12-28
Mon Dec 28,National Chocolate Candy Day,2020-12-28
Mon Dec 28,National Download Day,2020-12-28
Tue Dec 29,Still Need To Do Day,2020-12-29
Wed Dec 30,National Bacon Day,2020-12-30
Thu Dec 31,Hogmanay,2020-12-31
Thu Dec 31,New Year's Eve,2020-12-31
